{"cameraMode":{"drawMode":0,"name":"Shaded","section":"Shading Mode"},"sceneLighting":true,"audioPlay":false,"sceneViewState":{"showFog":true,"showMaterialUpdate":false,"showSkybox":true,"showFlares":true,"showImageEffects":true,"showParticleSystems":true},"in2DMode":false,"pivot":{"x":1.2764263153076172,"y":1.0518341064453126,"z":-1.1186761856079102},"rotation":{"x":-0.4352678060531616,"y":0.2962198555469513,"z":-0.1542152464389801,"w":-0.8360702991485596},"size":33.424415588378909,"orthographic":false}