{"cameraMode":{"drawMode":0,"name":"Shaded","section":"Shading Mode"},"sceneLighting":true,"audioPlay":false,"sceneViewState":{"showFog":true,"showMaterialUpdate":false,"showSkybox":true,"showFlares":true,"showImageEffects":true,"showParticleSystems":true},"in2DMode":false,"pivot":{"x":-246.50689697265626,"y":-15.643735885620118,"z":41.771854400634769},"rotation":{"x":-0.03428490459918976,"y":0.6153648495674133,"z":-0.026802314445376397,"w":-0.7870402336120606},"size":214.79010009765626,"orthographic":false}