{"cameraMode":{"drawMode":0,"name":"Shaded","section":"Shading Mode"},"sceneLighting":true,"audioPlay":false,"sceneViewState":{"showFog":true,"showMaterialUpdate":false,"showSkybox":true,"showFlares":true,"showImageEffects":true,"showParticleSystems":true},"in2DMode":false,"pivot":{"x":719.6962280273438,"y":357.35748291015627,"z":0.0},"rotation":{"x":-0.004201924428343773,"y":0.35787951946258547,"z":0.0016104161040857435,"w":0.933756947517395},"size":302.3709411621094,"orthographic":true}