{"cameraMode":{"drawMode":0,"name":"Shaded","section":"Shading Mode"},"sceneLighting":true,"audioPlay":false,"sceneViewState":{"showFog":true,"showMaterialUpdate":false,"showSkybox":true,"showFlares":true,"showImageEffects":true,"showParticleSystems":true},"in2DMode":false,"pivot":{"x":64.49098205566406,"y":201.98875427246095,"z":0.0},"rotation":{"x":0.007529720198363066,"y":-0.002363444771617651,"z":0.000007705911230004858,"w":0.999968945980072},"size":219.38748168945313,"orthographic":false}