{"cameraMode":{"drawMode":0,"name":"Shaded","section":"Shading Mode"},"sceneLighting":false,"audioPlay":false,"sceneViewState":{"showFog":true,"showMaterialUpdate":false,"showSkybox":true,"showFlares":true,"showImageEffects":true,"showParticleSystems":true},"in2DMode":false,"pivot":{"x":-0.7999999523162842,"y":1.0499999523162842,"z":-3.5899999141693117},"rotation":{"x":-0.23961091041564942,"y":0.2893771827220917,"z":-0.07506485283374787,"w":-0.9236952066421509},"size":2.857884645462036,"orthographic":false}