{"cameraMode":{"drawMode":0,"name":"Shaded","section":"Shading Mode"},"sceneLighting":true,"audioPlay":false,"sceneViewState":{"showFog":true,"showMaterialUpdate":false,"showSkybox":true,"showFlares":true,"showImageEffects":true,"showParticleSystems":true},"in2DMode":false,"pivot":{"x":239.88442993164063,"y":-77.87715148925781,"z":22.313085556030275},"rotation":{"x":-0.11825191229581833,"y":-0.6566109657287598,"z":0.10529600828886032,"w":-0.7374221086502075},"size":261.743896484375,"orthographic":false}